col1,col2,col3,col4
11/6/2025,"494890889,491990737",done,https://rentry.co/a6h5in2c
11/6/2025,"494122013,494841766",done,https://rentry.co/frz9w5ny
11/6/2025,"494677782,492647250",done,https://rentry.co/cz23ppmm
11/6/2025,"493170654,491056899",done,https://rentry.co/ytezg6an
11/6/2025,"497945885,494743557",done,https://rentry.co/gqb8pivn
11/6/2025,"494680056,493023280",done,https://rentry.co/rf34y7b4
11/6/2025,"492680184,494252003",done,https://rentry.co/ctx4me6v
11/6/2025,"493367591,491795413",done,https://rentry.co/2sxx3oeu
11/6/2025,"490892918,494694182",done,https://rentry.co/cvua37ab
11/6/2025,"494433122,493368385",done,https://rentry.co/my4nvm26
11/6/2025,"529265458,492796533",done,https://rentry.co/cqd8tnpk
11/6/2025,"492990360,492417863",done,https://rentry.co/spzz7c4s
11/6/2025,"491876273,491188330",done,https://rentry.co/ehwvvqss
11/6/2025,"494907669,492613237",done,https://rentry.co/quptkyhm
11/6/2025,"494235432,501449335",done,https://rentry.co/racpkcbo
11/6/2025,"493317906,492039784",done,https://rentry.co/8zer26yq
11/6/2025,"492302428,494383463",done,https://rentry.co/zhdqtwhk
11/6/2025,"494267932,495136437",done,https://rentry.co/xnwc9tyd
11/6/2025,"491320346,493040495",done,https://rentry.co/xdxhezth
11/6/2025,"491057558,492859550",done,https://rentry.co/7sp4228m
11/6/2025,"493514604,494235534",done,https://rentry.co/f7drdp3f
11/6/2025,"490794718,491892785",done,https://rentry.co/vtezapyz
11/6/2025,"492778569,491598576",done,https://rentry.co/yrkzhbag
11/6/2025,"498802271,492121895",done,https://rentry.co/zzrzst36
11/6/2025,422931079,done,https://rentry.co/2wb5xk8a
